SET DB_CLOSE_DELAY -1;         
INSERT INTO PUBLIC.EVENT_MEMBERSHIPS(ID, AMOUNT, CREATED, EVENT_ID, USER, VERSION) VALUES(1, 1.00, TIMESTAMP '2015-08-27 23:27:40.254', 1, 2, 0),(2, 10.00, TIMESTAMP '2015-08-27 23:27:40.256', 1, 4, 0),(3, 10.00, TIMESTAMP '2015-08-27 23:28:08.097', 2, 1, 0),(4, 10.00, TIMESTAMP '2015-08-27 23:28:08.098', 2, 2, 0),(5, 10.00, TIMESTAMP '2015-08-27 23:28:23.647', 3, 6, 0),(6, 10.00, TIMESTAMP '2015-09-01 01:41:52.49', 4, 4, 0),(7, 10.00, TIMESTAMP '2015-09-01 01:41:52.494', 4, 6, 0),(8, 1.97, TIMESTAMP '2015-09-01 01:41:52.495', 4, 7, 0),(9, 10.00, TIMESTAMP '2015-09-01 01:46:35.628', 5, 1, 0),(10, 10.00, TIMESTAMP '2015-09-01 01:46:35.629', 5, 2, 0),(11, 6.67, TIMESTAMP '2015-09-01 01:46:35.63', 5, 3, 0),(12, 10.00, TIMESTAMP '2015-09-01 01:46:35.631', 5, 4, 0),(13, 10.00, TIMESTAMP '2015-09-01 01:46:35.633', 5, 6, 0),(14, 10.00, TIMESTAMP '2015-09-01 01:47:11.367', 6, 1, 0);          
INSERT INTO PUBLIC.EVENTS(ID, AMOUNT, COMPLETED, CREATED, HIDDEN, NAME, OWNER, VERSION) VALUES(1, 30.00, FALSE, TIMESTAMP '2015-08-27 23:27:40.248', FALSE, 'My first event!', 7, 0),(2, 10.00, FALSE, TIMESTAMP '2015-08-27 23:28:08.094', FALSE, 'Dinner at McDonalds', 7, 0),(3, 650.50, FALSE, TIMESTAMP '2015-08-27 23:28:23.645', FALSE, 'Rent for the month', 7, 0),(4, 1437.51, FALSE, TIMESTAMP '2015-09-01 01:41:52.482', FALSE, 'Equipment for the band', 2, 0),(5, 40.00, FALSE, TIMESTAMP '2015-09-01 01:46:35.627', FALSE, 'Dinner at Chipotle', 5, 0),(6, 600.00, FALSE, TIMESTAMP '2015-09-01 01:47:11.362', FALSE, 'New Phone', 3, 0);  
INSERT INTO PUBLIC.FRIEND_REQUEST(ID, SENDER, RECEIVER, VERSION) VALUES(1, X'aced000573720024636f6d2e6e76697369756d2e616e64726f69646e762e6170692e6d6f64656c2e5573657200000000000000010200104c00116163636f756e744e6f6e457870697265647400134c6a6176612f6c616e672f426f6f6c65616e3b4c00106163636f756e744e6f6e4c6f636b656471007e00014c0006616e737765727400124c6a6176612f6c616e672f537472696e673b4c000762616c616e63657400164c6a6176612f6d6174682f426967446563696d616c3b4c001563726564656e7469616c734e6f6e4578706972656471007e00014c000a637265646974436172647400104c6a6176612f6c616e672f4c6f6e673b4c0005656d61696c71007e00024c0007656e61626c656471007e00014c000966697273746e616d6571007e00024c0002696471007e00044c00086c6173746e616d6571007e00024c000870617373776f726471007e00024c000e70726976616379456e61626c656471007e00014c0005726f6c657374000f4c6a6176612f7574696c2f5365743b4c0008757365726e616d6571007e00024c000776657273696f6e71007e0004787070737200116a6176612e6c616e672e426f6f6c65616ecd207280d59cfaee0200015a000576616c7565787001740005677265656e737200146a6176612e6d6174682e426967446563696d616c54c71557f981284f0300024900057363616c654c0006696e7456616c7400164c6a6176612f6d6174682f426967496e74656765723b787200106a6176612e6c616e672e4e756d62657286ac951d0b94e08b020000787000000002737200146a6176612e6d6174682e426967496e74656765728cfc9f1fa93bfb1d030006490008626974436f756e744900096269744c656e67746849001366697273744e6f6e7a65726f427974654e756d49000c6c6f776573745365744269744900067369676e756d5b00096d61676e69747564657400025b427871007e000cfffffffffffffffffffffffefffffffe00000000757200025b42acf317f8060854e00200007870000000007878707074001073657468406e76697369756d2e636f6d70740004536574687372000e6a6176612e6c616e672e4c6f6e673b8be490cc8f23df0200014a000576616c75657871007e000c00000000000000017400034c6177740007736574683132337371007e0007007372002f6f72672e68696265726e6174652e636f6c6c656374696f6e2e696e7465726e616c2e50657273697374656e7453657486e4fda1f2eee0af0200014c000373657471007e00057872003e6f72672e68696265726e6174652e636f6c6c656374696f6e2e696e7465726e616c2e416273747261637450657273697374656e74436f6c6c656374696f6e844a7e7706ae8d0b0200095a001b616c6c6f774c6f61644f7574736964655472616e73616374696f6e49000a63616368656453697a655a000564697274795a000b696e697469616c697a65644c00036b65797400164c6a6176612f696f2f53657269616c697a61626c653b4c00056f776e65727400124c6a6176612f6c616e672f4f626a6563743b4c0004726f6c6571007e00024c001273657373696f6e466163746f72795575696471007e00024c000e73746f726564536e617073686f7471007e001c787000ffffffff000071007e001671007e000674002a636f6d2e6e76697369756d2e616e64726f69646e762e6170692e6d6f64656c2e557365722e726f6c6573707070740004736574687371007e00150000000000000000', X'aced000573720024636f6d2e6e76697369756d2e616e64726f69646e762e6170692e6d6f64656c2e5573657200000000000000010200104c00116163636f756e744e6f6e457870697265647400134c6a6176612f6c616e672f426f6f6c65616e3b4c00106163636f756e744e6f6e4c6f636b656471007e00014c0006616e737765727400124c6a6176612f6c616e672f537472696e673b4c000762616c616e63657400164c6a6176612f6d6174682f426967446563696d616c3b4c001563726564656e7469616c734e6f6e4578706972656471007e00014c000a637265646974436172647400104c6a6176612f6c616e672f4c6f6e673b4c0005656d61696c71007e00024c0007656e61626c656471007e00014c000966697273746e616d6571007e00024c0002696471007e00044c00086c6173746e616d6571007e00024c000870617373776f726471007e00024c000e70726976616379456e61626c656471007e00014c0005726f6c657374000f4c6a6176612f7574696c2f5365743b4c0008757365726e616d6571007e00024c000776657273696f6e71007e0004787070737200116a6176612e6c616e672e426f6f6c65616ecd207280d59cfaee0200015a000576616c7565787001740006707572706c65737200146a6176612e6d6174682e426967446563696d616c54c71557f981284f0300024900057363616c654c0006696e7456616c7400164c6a6176612f6d6174682f426967496e74656765723b787200106a6176612e6c616e672e4e756d62657286ac951d0b94e08b020000787000000002737200146a6176612e6d6174682e426967496e74656765728cfc9f1fa93bfb1d030006490008626974436f756e744900096269744c656e67746849001366697273744e6f6e7a65726f427974654e756d49000c6c6f776573745365744269744900067369676e756d5b00096d61676e69747564657400025b427871007e000cfffffffffffffffffffffffefffffffe00000001757200025b42acf317f8060854e002000078700000000216c67878707074000d7465737440746573742e636f6d70740004746573747372000e6a6176612e6c616e672e4c6f6e673b8be490cc8f23df0200014a000576616c75657871007e000c000000000000000771007e001471007e00147371007e0007007372002f6f72672e68696265726e6174652e636f6c6c656374696f6e2e696e7465726e616c2e50657273697374656e7453657486e4fda1f2eee0af0200014c000373657471007e00057872003e6f72672e68696265726e6174652e636f6c6c656374696f6e2e696e7465726e616c2e416273747261637450657273697374656e74436f6c6c656374696f6e844a7e7706ae8d0b0200095a001b616c6c6f774c6f61644f7574736964655472616e73616374696f6e49000a63616368656453697a655a000564697274795a000b696e697469616c697a65644c00036b65797400164c6a6176612f696f2f53657269616c697a61626c653b4c00056f776e65727400124c6a6176612f6c616e672f4f626a6563743b4c0004726f6c6571007e00024c001273657373696f6e466163746f72795575696471007e00024c000e73746f726564536e617073686f7471007e001a787000ffffffff000171007e001671007e000674002a636f6d2e6e76697369756d2e616e64726f69646e762e6170692e6d6f64656c2e557365722e726f6c657370737200116a6176612e7574696c2e486173684d61700507dac1c31660d103000246000a6c6f6164466163746f724900097468726573686f6c6478703f400000000000007708000000100000000078737200116a6176612e7574696c2e48617368536574ba44859596b8b7340300007870770c000000013f400000000000007871007e00147371007e00150000000000000000', 0);
INSERT INTO PUBLIC.FRIEND_REQUEST(ID, SENDER, RECEIVER, VERSION) VALUES(2, X'aced000573720024636f6d2e6e76697369756d2e616e64726f69646e762e6170692e6d6f64656c2e5573657200000000000000010200104c00116163636f756e744e6f6e457870697265647400134c6a6176612f6c616e672f426f6f6c65616e3b4c00106163636f756e744e6f6e4c6f636b656471007e00014c0006616e737765727400124c6a6176612f6c616e672f537472696e673b4c000762616c616e63657400164c6a6176612f6d6174682f426967446563696d616c3b4c001563726564656e7469616c734e6f6e4578706972656471007e00014c000a637265646974436172647400104c6a6176612f6c616e672f4c6f6e673b4c0005656d61696c71007e00024c0007656e61626c656471007e00014c000966697273746e616d6571007e00024c0002696471007e00044c00086c6173746e616d6571007e00024c000870617373776f726471007e00024c000e70726976616379456e61626c656471007e00014c0005726f6c657374000f4c6a6176612f7574696c2f5365743b4c0008757365726e616d6571007e00024c000776657273696f6e71007e0004787070737200116a6176612e6c616e672e426f6f6c65616ecd207280d59cfaee0200015a000576616c7565787001740005677265656e737200146a6176612e6d6174682e426967446563696d616c54c71557f981284f0300024900057363616c654c0006696e7456616c7400164c6a6176612f6d6174682f426967496e74656765723b787200106a6176612e6c616e672e4e756d62657286ac951d0b94e08b020000787000000002737200146a6176612e6d6174682e426967496e74656765728cfc9f1fa93bfb1d030006490008626974436f756e744900096269744c656e67746849001366697273744e6f6e7a65726f427974654e756d49000c6c6f776573745365744269744900067369676e756d5b00096d61676e69747564657400025b427871007e000cfffffffffffffffffffffffefffffffe00000000757200025b42acf317f8060854e00200007870000000007878707074001073657468406e76697369756d2e636f6d70740004536574687372000e6a6176612e6c616e672e4c6f6e673b8be490cc8f23df0200014a000576616c75657871007e000c00000000000000017400034c6177740007736574683132337371007e0007007372002f6f72672e68696265726e6174652e636f6c6c656374696f6e2e696e7465726e616c2e50657273697374656e7453657486e4fda1f2eee0af0200014c000373657471007e00057872003e6f72672e68696265726e6174652e636f6c6c656374696f6e2e696e7465726e616c2e416273747261637450657273697374656e74436f6c6c656374696f6e844a7e7706ae8d0b0200095a001b616c6c6f774c6f61644f7574736964655472616e73616374696f6e49000a63616368656453697a655a000564697274795a000b696e697469616c697a65644c00036b65797400164c6a6176612f696f2f53657269616c697a61626c653b4c00056f776e65727400124c6a6176612f6c616e672f4f626a6563743b4c0004726f6c6571007e00024c001273657373696f6e466163746f72795575696471007e00024c000e73746f726564536e617073686f7471007e001c787000ffffffff000071007e001671007e000674002a636f6d2e6e76697369756d2e616e64726f69646e762e6170692e6d6f64656c2e557365722e726f6c6573707070740004736574687371007e00150000000000000000', X'aced000573720024636f6d2e6e76697369756d2e616e64726f69646e762e6170692e6d6f64656c2e5573657200000000000000010200104c00116163636f756e744e6f6e457870697265647400134c6a6176612f6c616e672f426f6f6c65616e3b4c00106163636f756e744e6f6e4c6f636b656471007e00014c0006616e737765727400124c6a6176612f6c616e672f537472696e673b4c000762616c616e63657400164c6a6176612f6d6174682f426967446563696d616c3b4c001563726564656e7469616c734e6f6e4578706972656471007e00014c000a637265646974436172647400104c6a6176612f6c616e672f4c6f6e673b4c0005656d61696c71007e00024c0007656e61626c656471007e00014c000966697273746e616d6571007e00024c0002696471007e00044c00086c6173746e616d6571007e00024c000870617373776f726471007e00024c000e70726976616379456e61626c656471007e00014c0005726f6c657374000f4c6a6176612f7574696c2f5365743b4c0008757365726e616d6571007e00024c000776657273696f6e71007e0004787070737200116a6176612e6c616e672e426f6f6c65616ecd207280d59cfaee0200015a000576616c7565787001740003726564737200146a6176612e6d6174682e426967446563696d616c54c71557f981284f0300024900057363616c654c0006696e7456616c7400164c6a6176612f6d6174682f426967496e74656765723b787200106a6176612e6c616e672e4e756d62657286ac951d0b94e08b020000787000000002737200146a6176612e6d6174682e426967496e74656765728cfc9f1fa93bfb1d030006490008626974436f756e744900096269744c656e67746849001366697273744e6f6e7a65726f427974654e756d49000c6c6f776573745365744269744900067369676e756d5b00096d61676e69747564657400025b427871007e000cfffffffffffffffffffffffefffffffe00000001757200025b42acf317f8060854e002000078700000000213ec787870707400116379727573406e76697369756d2e636f6d7074000543797275737372000e6a6176612e6c616e672e4c6f6e673b8be490cc8f23df0200014a000576616c75657871007e000c00000000000000027400094d616c656b706f757274000863797275733132337371007e0007007372002f6f72672e68696265726e6174652e636f6c6c656374696f6e2e696e7465726e616c2e50657273697374656e7453657486e4fda1f2eee0af0200014c000373657471007e00057872003e6f72672e68696265726e6174652e636f6c6c656374696f6e2e696e7465726e616c2e416273747261637450657273697374656e74436f6c6c656374696f6e844a7e7706ae8d0b0200095a001b616c6c6f774c6f61644f7574736964655472616e73616374696f6e49000a63616368656453697a655a000564697274795a000b696e697469616c697a65644c00036b65797400164c6a6176612f696f2f53657269616c697a61626c653b4c00056f776e65727400124c6a6176612f6c616e672f4f626a6563743b4c0004726f6c6571007e00024c001273657373696f6e466163746f72795575696471007e00024c000e73746f726564536e617073686f7471007e001c787000ffffffff000171007e001671007e000674002a636f6d2e6e76697369756d2e616e64726f69646e762e6170692e6d6f64656c2e557365722e726f6c657370737200116a6176612e7574696c2e486173684d61700507dac1c31660d103000246000a6c6f6164466163746f724900097468726573686f6c6478703f400000000000007708000000100000000078737200116a6176612e7574696c2e48617368536574ba44859596b8b7340300007870770c000000013f400000000000007874000563797275737371007e00150000000000000000', 0);            
INSERT INTO PUBLIC.FRIEND_REQUEST(ID, SENDER, RECEIVER, VERSION) VALUES(3, X'aced000573720024636f6d2e6e76697369756d2e616e64726f69646e762e6170692e6d6f64656c2e5573657200000000000000010200104c00116163636f756e744e6f6e457870697265647400134c6a6176612f6c616e672f426f6f6c65616e3b4c00106163636f756e744e6f6e4c6f636b656471007e00014c0006616e737765727400124c6a6176612f6c616e672f537472696e673b4c000762616c616e63657400164c6a6176612f6d6174682f426967446563696d616c3b4c001563726564656e7469616c734e6f6e4578706972656471007e00014c000a637265646974436172647400104c6a6176612f6c616e672f4c6f6e673b4c0005656d61696c71007e00024c0007656e61626c656471007e00014c000966697273746e616d6571007e00024c0002696471007e00044c00086c6173746e616d6571007e00024c000870617373776f726471007e00024c000e70726976616379456e61626c656471007e00014c0005726f6c657374000f4c6a6176612f7574696c2f5365743b4c0008757365726e616d6571007e00024c000776657273696f6e71007e0004787070737200116a6176612e6c616e672e426f6f6c65616ecd207280d59cfaee0200015a000576616c756578700174000679656c6c6f77737200146a6176612e6d6174682e426967446563696d616c54c71557f981284f0300024900057363616c654c0006696e7456616c7400164c6a6176612f6d6174682f426967496e74656765723b787200106a6176612e6c616e672e4e756d62657286ac951d0b94e08b020000787000000002737200146a6176612e6d6174682e426967496e74656765728cfc9f1fa93bfb1d030006490008626974436f756e744900096269744c656e67746849001366697273744e6f6e7a65726f427974654e756d49000c6c6f776573745365744269744900067369676e756d5b00096d61676e69747564657400025b427871007e000cfffffffffffffffffffffffefffffffe00000000757200025b42acf317f8060854e0020000787000000000787870707400146a616d6573626f6e64407365637265742e676f76707400054a616d65737372000e6a6176612e6c616e672e4c6f6e673b8be490cc8f23df0200014a000576616c75657871007e000c0000000000000004740004426f6e6474000b6a616d6573626f6e6433337371007e0007007372002f6f72672e68696265726e6174652e636f6c6c656374696f6e2e696e7465726e616c2e50657273697374656e7453657486e4fda1f2eee0af0200014c000373657471007e00057872003e6f72672e68696265726e6174652e636f6c6c656374696f6e2e696e7465726e616c2e416273747261637450657273697374656e74436f6c6c656374696f6e844a7e7706ae8d0b0200095a001b616c6c6f774c6f61644f7574736964655472616e73616374696f6e49000a63616368656453697a655a000564697274795a000b696e697469616c697a65644c00036b65797400164c6a6176612f696f2f53657269616c697a61626c653b4c00056f776e65727400124c6a6176612f6c616e672f4f626a6563743b4c0004726f6c6571007e00024c001273657373696f6e466163746f72795575696471007e00024c000e73746f726564536e617073686f7471007e001c787000ffffffff000071007e001671007e000674002a636f6d2e6e76697369756d2e616e64726f69646e762e6170692e6d6f64656c2e557365722e726f6c657370707071007e00187371007e00150000000000000000', X'aced000573720024636f6d2e6e76697369756d2e616e64726f69646e762e6170692e6d6f64656c2e5573657200000000000000010200104c00116163636f756e744e6f6e457870697265647400134c6a6176612f6c616e672f426f6f6c65616e3b4c00106163636f756e744e6f6e4c6f636b656471007e00014c0006616e737765727400124c6a6176612f6c616e672f537472696e673b4c000762616c616e63657400164c6a6176612f6d6174682f426967446563696d616c3b4c001563726564656e7469616c734e6f6e4578706972656471007e00014c000a637265646974436172647400104c6a6176612f6c616e672f4c6f6e673b4c0005656d61696c71007e00024c0007656e61626c656471007e00014c000966697273746e616d6571007e00024c0002696471007e00044c00086c6173746e616d6571007e00024c000870617373776f726471007e00024c000e70726976616379456e61626c656471007e00014c0005726f6c657374000f4c6a6176612f7574696c2f5365743b4c0008757365726e616d6571007e00024c000776657273696f6e71007e0004787070737200116a6176612e6c616e672e426f6f6c65616ecd207280d59cfaee0200015a000576616c7565787001740003726564737200146a6176612e6d6174682e426967446563696d616c54c71557f981284f0300024900057363616c654c0006696e7456616c7400164c6a6176612f6d6174682f426967496e74656765723b787200106a6176612e6c616e672e4e756d62657286ac951d0b94e08b020000787000000002737200146a6176612e6d6174682e426967496e74656765728cfc9f1fa93bfb1d030006490008626974436f756e744900096269744c656e67746849001366697273744e6f6e7a65726f427974654e756d49000c6c6f776573745365744269744900067369676e756d5b00096d61676e69747564657400025b427871007e000cfffffffffffffffffffffffefffffffe00000001757200025b42acf317f8060854e002000078700000000213ec787870707400116379727573406e76697369756d2e636f6d7074000543797275737372000e6a6176612e6c616e672e4c6f6e673b8be490cc8f23df0200014a000576616c75657871007e000c00000000000000027400094d616c656b706f757274000863797275733132337371007e0007007372002f6f72672e68696265726e6174652e636f6c6c656374696f6e2e696e7465726e616c2e50657273697374656e7453657486e4fda1f2eee0af0200014c000373657471007e00057872003e6f72672e68696265726e6174652e636f6c6c656374696f6e2e696e7465726e616c2e416273747261637450657273697374656e74436f6c6c656374696f6e844a7e7706ae8d0b0200095a001b616c6c6f774c6f61644f7574736964655472616e73616374696f6e49000a63616368656453697a655a000564697274795a000b696e697469616c697a65644c00036b65797400164c6a6176612f696f2f53657269616c697a61626c653b4c00056f776e65727400124c6a6176612f6c616e672f4f626a6563743b4c0004726f6c6571007e00024c001273657373696f6e466163746f72795575696471007e00024c000e73746f726564536e617073686f7471007e001c787000ffffffff000171007e001671007e000674002a636f6d2e6e76697369756d2e616e64726f69646e762e6170692e6d6f64656c2e557365722e726f6c657370737200116a6176612e7574696c2e486173684d61700507dac1c31660d103000246000a6c6f6164466163746f724900097468726573686f6c6478703f400000000000007708000000100000000078737200116a6176612e7574696c2e48617368536574ba44859596b8b7340300007870770c000000013f400000000000007874000563797275737371007e00150000000000000000', 0);          
INSERT INTO PUBLIC.FRIEND_REQUEST(ID, SENDER, RECEIVER, VERSION) VALUES(4, X'aced000573720024636f6d2e6e76697369756d2e616e64726f69646e762e6170692e6d6f64656c2e5573657200000000000000010200104c00116163636f756e744e6f6e457870697265647400134c6a6176612f6c616e672f426f6f6c65616e3b4c00106163636f756e744e6f6e4c6f636b656471007e00014c0006616e737765727400124c6a6176612f6c616e672f537472696e673b4c000762616c616e63657400164c6a6176612f6d6174682f426967446563696d616c3b4c001563726564656e7469616c734e6f6e4578706972656471007e00014c000a637265646974436172647400104c6a6176612f6c616e672f4c6f6e673b4c0005656d61696c71007e00024c0007656e61626c656471007e00014c000966697273746e616d6571007e00024c0002696471007e00044c00086c6173746e616d6571007e00024c000870617373776f726471007e00024c000e70726976616379456e61626c656471007e00014c0005726f6c657374000f4c6a6176612f7574696c2f5365743b4c0008757365726e616d6571007e00024c000776657273696f6e71007e0004787070737200116a6176612e6c616e672e426f6f6c65616ecd207280d59cfaee0200015a000576616c7565787001740006707572706c65737200146a6176612e6d6174682e426967446563696d616c54c71557f981284f0300024900057363616c654c0006696e7456616c7400164c6a6176612f6d6174682f426967496e74656765723b787200106a6176612e6c616e672e4e756d62657286ac951d0b94e08b020000787000000002737200146a6176612e6d6174682e426967496e74656765728cfc9f1fa93bfb1d030006490008626974436f756e744900096269744c656e67746849001366697273744e6f6e7a65726f427974654e756d49000c6c6f776573745365744269744900067369676e756d5b00096d61676e69747564657400025b427871007e000cfffffffffffffffffffffffefffffffe00000001757200025b42acf317f8060854e002000078700000000216c67878707074000d7465737440746573742e636f6d70740004746573747372000e6a6176612e6c616e672e4c6f6e673b8be490cc8f23df0200014a000576616c75657871007e000c000000000000000771007e001471007e00147371007e0007007372002f6f72672e68696265726e6174652e636f6c6c656374696f6e2e696e7465726e616c2e50657273697374656e7453657486e4fda1f2eee0af0200014c000373657471007e00057872003e6f72672e68696265726e6174652e636f6c6c656374696f6e2e696e7465726e616c2e416273747261637450657273697374656e74436f6c6c656374696f6e844a7e7706ae8d0b0200095a001b616c6c6f774c6f61644f7574736964655472616e73616374696f6e49000a63616368656453697a655a000564697274795a000b696e697469616c697a65644c00036b65797400164c6a6176612f696f2f53657269616c697a61626c653b4c00056f776e65727400124c6a6176612f6c616e672f4f626a6563743b4c0004726f6c6571007e00024c001273657373696f6e466163746f72795575696471007e00024c000e73746f726564536e617073686f7471007e001a787000ffffffff000071007e001671007e000674002a636f6d2e6e76697369756d2e616e64726f69646e762e6170692e6d6f64656c2e557365722e726f6c657370707071007e00147371007e00150000000000000000', X'aced000573720024636f6d2e6e76697369756d2e616e64726f69646e762e6170692e6d6f64656c2e5573657200000000000000010200104c00116163636f756e744e6f6e457870697265647400134c6a6176612f6c616e672f426f6f6c65616e3b4c00106163636f756e744e6f6e4c6f636b656471007e00014c0006616e737765727400124c6a6176612f6c616e672f537472696e673b4c000762616c616e63657400164c6a6176612f6d6174682f426967446563696d616c3b4c001563726564656e7469616c734e6f6e4578706972656471007e00014c000a637265646974436172647400104c6a6176612f6c616e672f4c6f6e673b4c0005656d61696c71007e00024c0007656e61626c656471007e00014c000966697273746e616d6571007e00024c0002696471007e00044c00086c6173746e616d6571007e00024c000870617373776f726471007e00024c000e70726976616379456e61626c656471007e00014c0005726f6c657374000f4c6a6176612f7574696c2f5365743b4c0008757365726e616d6571007e00024c000776657273696f6e71007e0004787070737200116a6176612e6c616e672e426f6f6c65616ecd207280d59cfaee0200015a000576616c7565787001740003726564737200146a6176612e6d6174682e426967446563696d616c54c71557f981284f0300024900057363616c654c0006696e7456616c7400164c6a6176612f6d6174682f426967496e74656765723b787200106a6176612e6c616e672e4e756d62657286ac951d0b94e08b020000787000000002737200146a6176612e6d6174682e426967496e74656765728cfc9f1fa93bfb1d030006490008626974436f756e744900096269744c656e67746849001366697273744e6f6e7a65726f427974654e756d49000c6c6f776573745365744269744900067369676e756d5b00096d61676e69747564657400025b427871007e000cfffffffffffffffffffffffefffffffe00000001757200025b42acf317f8060854e002000078700000000213ec787870707400116379727573406e76697369756d2e636f6d7074000543797275737372000e6a6176612e6c616e672e4c6f6e673b8be490cc8f23df0200014a000576616c75657871007e000c00000000000000027400094d616c656b706f757274000863797275733132337371007e0007007372002f6f72672e68696265726e6174652e636f6c6c656374696f6e2e696e7465726e616c2e50657273697374656e7453657486e4fda1f2eee0af0200014c000373657471007e00057872003e6f72672e68696265726e6174652e636f6c6c656374696f6e2e696e7465726e616c2e416273747261637450657273697374656e74436f6c6c656374696f6e844a7e7706ae8d0b0200095a001b616c6c6f774c6f61644f7574736964655472616e73616374696f6e49000a63616368656453697a655a000564697274795a000b696e697469616c697a65644c00036b65797400164c6a6176612f696f2f53657269616c697a61626c653b4c00056f776e65727400124c6a6176612f6c616e672f4f626a6563743b4c0004726f6c6571007e00024c001273657373696f6e466163746f72795575696471007e00024c000e73746f726564536e617073686f7471007e001c787000ffffffff000171007e001671007e000674002a636f6d2e6e76697369756d2e616e64726f69646e762e6170692e6d6f64656c2e557365722e726f6c657370737200116a6176612e7574696c2e486173684d61700507dac1c31660d103000246000a6c6f6164466163746f724900097468726573686f6c6478703f400000000000007708000000100000000078737200116a6176612e7574696c2e48617368536574ba44859596b8b7340300007870770c000000013f400000000000007874000563797275737371007e00150000000000000000', 0);            
INSERT INTO PUBLIC.FRIEND_REQUEST(ID, SENDER, RECEIVER, VERSION) VALUES(5, X'aced000573720024636f6d2e6e76697369756d2e616e64726f69646e762e6170692e6d6f64656c2e5573657200000000000000010200104c00116163636f756e744e6f6e457870697265647400134c6a6176612f6c616e672f426f6f6c65616e3b4c00106163636f756e744e6f6e4c6f636b656471007e00014c0006616e737765727400124c6a6176612f6c616e672f537472696e673b4c000762616c616e63657400164c6a6176612f6d6174682f426967446563696d616c3b4c001563726564656e7469616c734e6f6e4578706972656471007e00014c000a637265646974436172647400104c6a6176612f6c616e672f4c6f6e673b4c0005656d61696c71007e00024c0007656e61626c656471007e00014c000966697273746e616d6571007e00024c0002696471007e00044c00086c6173746e616d6571007e00024c000870617373776f726471007e00024c000e70726976616379456e61626c656471007e00014c0005726f6c657374000f4c6a6176612f7574696c2f5365743b4c0008757365726e616d6571007e00024c000776657273696f6e71007e0004787070737200116a6176612e6c616e672e426f6f6c65616ecd207280d59cfaee0200015a000576616c7565787001740003726564737200146a6176612e6d6174682e426967446563696d616c54c71557f981284f0300024900057363616c654c0006696e7456616c7400164c6a6176612f6d6174682f426967496e74656765723b787200106a6176612e6c616e672e4e756d62657286ac951d0b94e08b020000787000000002737200146a6176612e6d6174682e426967496e74656765728cfc9f1fa93bfb1d030006490008626974436f756e744900096269744c656e67746849001366697273744e6f6e7a65726f427974654e756d49000c6c6f776573745365744269744900067369676e756d5b00096d61676e69747564657400025b427871007e000cfffffffffffffffffffffffefffffffe00000001757200025b42acf317f8060854e002000078700000000213ec787870707400116379727573406e76697369756d2e636f6d7074000543797275737372000e6a6176612e6c616e672e4c6f6e673b8be490cc8f23df0200014a000576616c75657871007e000c00000000000000027400094d616c656b706f757274000863797275733132337371007e0007007372002f6f72672e68696265726e6174652e636f6c6c656374696f6e2e696e7465726e616c2e50657273697374656e7453657486e4fda1f2eee0af0200014c000373657471007e00057872003e6f72672e68696265726e6174652e636f6c6c656374696f6e2e696e7465726e616c2e416273747261637450657273697374656e74436f6c6c656374696f6e844a7e7706ae8d0b0200095a001b616c6c6f774c6f61644f7574736964655472616e73616374696f6e49000a63616368656453697a655a000564697274795a000b696e697469616c697a65644c00036b65797400164c6a6176612f696f2f53657269616c697a61626c653b4c00056f776e65727400124c6a6176612f6c616e672f4f626a6563743b4c0004726f6c6571007e00024c001273657373696f6e466163746f72795575696471007e00024c000e73746f726564536e617073686f7471007e001c787000ffffffff000071007e001671007e000674002a636f6d2e6e76697369756d2e616e64726f69646e762e6170692e6d6f64656c2e557365722e726f6c657370707074000563797275737371007e00150000000000000000', X'aced000573720024636f6d2e6e76697369756d2e616e64726f69646e762e6170692e6d6f64656c2e5573657200000000000000010200104c00116163636f756e744e6f6e457870697265647400134c6a6176612f6c616e672f426f6f6c65616e3b4c00106163636f756e744e6f6e4c6f636b656471007e00014c0006616e737765727400124c6a6176612f6c616e672f537472696e673b4c000762616c616e63657400164c6a6176612f6d6174682f426967446563696d616c3b4c001563726564656e7469616c734e6f6e4578706972656471007e00014c000a637265646974436172647400104c6a6176612f6c616e672f4c6f6e673b4c0005656d61696c71007e00024c0007656e61626c656471007e00014c000966697273746e616d6571007e00024c0002696471007e00044c00086c6173746e616d6571007e00024c000870617373776f726471007e00024c000e70726976616379456e61626c656471007e00014c0005726f6c657374000f4c6a6176612f7574696c2f5365743b4c0008757365726e616d6571007e00024c000776657273696f6e71007e0004787070737200116a6176612e6c616e672e426f6f6c65616ecd207280d59cfaee0200015a000576616c7565787001740006707572706c65737200146a6176612e6d6174682e426967446563696d616c54c71557f981284f0300024900057363616c654c0006696e7456616c7400164c6a6176612f6d6174682f426967496e74656765723b787200106a6176612e6c616e672e4e756d62657286ac951d0b94e08b020000787000000002737200146a6176612e6d6174682e426967496e74656765728cfc9f1fa93bfb1d030006490008626974436f756e744900096269744c656e67746849001366697273744e6f6e7a65726f427974654e756d49000c6c6f776573745365744269744900067369676e756d5b00096d61676e69747564657400025b427871007e000cfffffffffffffffffffffffefffffffe00000001757200025b42acf317f8060854e002000078700000000216c67878707074000d7465737440746573742e636f6d70740004746573747372000e6a6176612e6c616e672e4c6f6e673b8be490cc8f23df0200014a000576616c75657871007e000c000000000000000771007e001471007e00147371007e0007007372002f6f72672e68696265726e6174652e636f6c6c656374696f6e2e696e7465726e616c2e50657273697374656e7453657486e4fda1f2eee0af0200014c000373657471007e00057872003e6f72672e68696265726e6174652e636f6c6c656374696f6e2e696e7465726e616c2e416273747261637450657273697374656e74436f6c6c656374696f6e844a7e7706ae8d0b0200095a001b616c6c6f774c6f61644f7574736964655472616e73616374696f6e49000a63616368656453697a655a000564697274795a000b696e697469616c697a65644c00036b65797400164c6a6176612f696f2f53657269616c697a61626c653b4c00056f776e65727400124c6a6176612f6c616e672f4f626a6563743b4c0004726f6c6571007e00024c001273657373696f6e466163746f72795575696471007e00024c000e73746f726564536e617073686f7471007e001a787000ffffffff000171007e001671007e000674002a636f6d2e6e76697369756d2e616e64726f69646e762e6170692e6d6f64656c2e557365722e726f6c657370737200116a6176612e7574696c2e486173684d61700507dac1c31660d103000246000a6c6f6164466163746f724900097468726573686f6c6478703f400000000000007708000000100000000078737200116a6176612e7574696c2e48617368536574ba44859596b8b7340300007870770c000000013f400000000000007871007e00147371007e00150000000000000000', 0);            
INSERT INTO PUBLIC.FRIEND_REQUEST(ID, SENDER, RECEIVER, VERSION) VALUES(6, X'aced000573720024636f6d2e6e76697369756d2e616e64726f69646e762e6170692e6d6f64656c2e5573657200000000000000010200104c00116163636f756e744e6f6e457870697265647400134c6a6176612f6c616e672f426f6f6c65616e3b4c00106163636f756e744e6f6e4c6f636b656471007e00014c0006616e737765727400124c6a6176612f6c616e672f537472696e673b4c000762616c616e63657400164c6a6176612f6d6174682f426967446563696d616c3b4c001563726564656e7469616c734e6f6e4578706972656471007e00014c000a637265646974436172647400104c6a6176612f6c616e672f4c6f6e673b4c0005656d61696c71007e00024c0007656e61626c656471007e00014c000966697273746e616d6571007e00024c0002696471007e00044c00086c6173746e616d6571007e00024c000870617373776f726471007e00024c000e70726976616379456e61626c656471007e00014c0005726f6c657374000f4c6a6176612f7574696c2f5365743b4c0008757365726e616d6571007e00024c000776657273696f6e71007e0004787070737200116a6176612e6c616e672e426f6f6c65616ecd207280d59cfaee0200015a000576616c7565787001740005677265656e737200146a6176612e6d6174682e426967446563696d616c54c71557f981284f0300024900057363616c654c0006696e7456616c7400164c6a6176612f6d6174682f426967496e74656765723b787200106a6176612e6c616e672e4e756d62657286ac951d0b94e08b020000787000000002737200146a6176612e6d6174682e426967496e74656765728cfc9f1fa93bfb1d030006490008626974436f756e744900096269744c656e67746849001366697273744e6f6e7a65726f427974654e756d49000c6c6f776573745365744269744900067369676e756d5b00096d61676e69747564657400025b427871007e000cfffffffffffffffffffffffefffffffe00000000757200025b42acf317f8060854e00200007870000000007878707074001073657468406e76697369756d2e636f6d70740004536574687372000e6a6176612e6c616e672e4c6f6e673b8be490cc8f23df0200014a000576616c75657871007e000c00000000000000017400034c6177740007736574683132337371007e0007007372002f6f72672e68696265726e6174652e636f6c6c656374696f6e2e696e7465726e616c2e50657273697374656e7453657486e4fda1f2eee0af0200014c000373657471007e00057872003e6f72672e68696265726e6174652e636f6c6c656374696f6e2e696e7465726e616c2e416273747261637450657273697374656e74436f6c6c656374696f6e844a7e7706ae8d0b0200095a001b616c6c6f774c6f61644f7574736964655472616e73616374696f6e49000a63616368656453697a655a000564697274795a000b696e697469616c697a65644c00036b65797400164c6a6176612f696f2f53657269616c697a61626c653b4c00056f776e65727400124c6a6176612f6c616e672f4f626a6563743b4c0004726f6c6571007e00024c001273657373696f6e466163746f72795575696471007e00024c000e73746f726564536e617073686f7471007e001c787000ffffffff000071007e001671007e000674002a636f6d2e6e76697369756d2e616e64726f69646e762e6170692e6d6f64656c2e557365722e726f6c6573707070740004736574687371007e00150000000000000000', X'aced000573720024636f6d2e6e76697369756d2e616e64726f69646e762e6170692e6d6f64656c2e5573657200000000000000010200104c00116163636f756e744e6f6e457870697265647400134c6a6176612f6c616e672f426f6f6c65616e3b4c00106163636f756e744e6f6e4c6f636b656471007e00014c0006616e737765727400124c6a6176612f6c616e672f537472696e673b4c000762616c616e63657400164c6a6176612f6d6174682f426967446563696d616c3b4c001563726564656e7469616c734e6f6e4578706972656471007e00014c000a637265646974436172647400104c6a6176612f6c616e672f4c6f6e673b4c0005656d61696c71007e00024c0007656e61626c656471007e00014c000966697273746e616d6571007e00024c0002696471007e00044c00086c6173746e616d6571007e00024c000870617373776f726471007e00024c000e70726976616379456e61626c656471007e00014c0005726f6c657374000f4c6a6176612f7574696c2f5365743b4c0008757365726e616d6571007e00024c000776657273696f6e71007e0004787070737200116a6176612e6c616e672e426f6f6c65616ecd207280d59cfaee0200015a000576616c75657870017400066f72616e6765737200146a6176612e6d6174682e426967446563696d616c54c71557f981284f0300024900057363616c654c0006696e7456616c7400164c6a6176612f6d6174682f426967496e74656765723b787200106a6176612e6c616e672e4e756d62657286ac951d0b94e08b020000787000000002737200146a6176612e6d6174682e426967496e74656765728cfc9f1fa93bfb1d030006490008626974436f756e744900096269744c656e67746849001366697273744e6f6e7a65726f427974654e756d49000c6c6f776573745365744269744900067369676e756d5b00096d61676e69747564657400025b427871007e000cfffffffffffffffffffffffefffffffe00000001757200025b42acf317f8060854e002000078700000000301979d7878707074000d6b796c6540746573742e636f6d707400044b796c657372000e6a6176612e6c616e672e4c6f6e673b8be490cc8f23df0200014a000576616c75657871007e000c0000000000000003740006576174736f6e7400076b796c653132337371007e0007007372002f6f72672e68696265726e6174652e636f6c6c656374696f6e2e696e7465726e616c2e50657273697374656e7453657486e4fda1f2eee0af0200014c000373657471007e00057872003e6f72672e68696265726e6174652e636f6c6c656374696f6e2e696e7465726e616c2e416273747261637450657273697374656e74436f6c6c656374696f6e844a7e7706ae8d0b0200095a001b616c6c6f774c6f61644f7574736964655472616e73616374696f6e49000a63616368656453697a655a000564697274795a000b696e697469616c697a65644c00036b65797400164c6a6176612f696f2f53657269616c697a61626c653b4c00056f776e65727400124c6a6176612f6c616e672f4f626a6563743b4c0004726f6c6571007e00024c001273657373696f6e466163746f72795575696471007e00024c000e73746f726564536e617073686f7471007e001c787000ffffffff000171007e001671007e000674002a636f6d2e6e76697369756d2e616e64726f69646e762e6170692e6d6f64656c2e557365722e726f6c657370737200116a6176612e7574696c2e486173684d61700507dac1c31660d103000246000a6c6f6164466163746f724900097468726573686f6c6478703f400000000000007708000000100000000078737200116a6176612e7574696c2e48617368536574ba44859596b8b7340300007870770c000000013f40000000000000787400046b796c657371007e00150000000000000000', 0);        
INSERT INTO PUBLIC.FRIEND_REQUEST(ID, SENDER, RECEIVER, VERSION) VALUES(7, X'aced000573720024636f6d2e6e76697369756d2e616e64726f69646e762e6170692e6d6f64656c2e5573657200000000000000010200104c00116163636f756e744e6f6e457870697265647400134c6a6176612f6c616e672f426f6f6c65616e3b4c00106163636f756e744e6f6e4c6f636b656471007e00014c0006616e737765727400124c6a6176612f6c616e672f537472696e673b4c000762616c616e63657400164c6a6176612f6d6174682f426967446563696d616c3b4c001563726564656e7469616c734e6f6e4578706972656471007e00014c000a637265646974436172647400104c6a6176612f6c616e672f4c6f6e673b4c0005656d61696c71007e00024c0007656e61626c656471007e00014c000966697273746e616d6571007e00024c0002696471007e00044c00086c6173746e616d6571007e00024c000870617373776f726471007e00024c000e70726976616379456e61626c656471007e00014c0005726f6c657374000f4c6a6176612f7574696c2f5365743b4c0008757365726e616d6571007e00024c000776657273696f6e71007e0004787070737200116a6176612e6c616e672e426f6f6c65616ecd207280d59cfaee0200015a000576616c7565787001740003726564737200146a6176612e6d6174682e426967446563696d616c54c71557f981284f0300024900057363616c654c0006696e7456616c7400164c6a6176612f6d6174682f426967496e74656765723b787200106a6176612e6c616e672e4e756d62657286ac951d0b94e08b020000787000000002737200146a6176612e6d6174682e426967496e74656765728cfc9f1fa93bfb1d030006490008626974436f756e744900096269744c656e67746849001366697273744e6f6e7a65726f427974654e756d49000c6c6f776573745365744269744900067369676e756d5b00096d61676e69747564657400025b427871007e000cfffffffffffffffffffffffefffffffe00000001757200025b42acf317f8060854e002000078700000000213ec787870707400116379727573406e76697369756d2e636f6d7074000543797275737372000e6a6176612e6c616e672e4c6f6e673b8be490cc8f23df0200014a000576616c75657871007e000c00000000000000027400094d616c656b706f757274000863797275733132337371007e0007007372002f6f72672e68696265726e6174652e636f6c6c656374696f6e2e696e7465726e616c2e50657273697374656e7453657486e4fda1f2eee0af0200014c000373657471007e00057872003e6f72672e68696265726e6174652e636f6c6c656374696f6e2e696e7465726e616c2e416273747261637450657273697374656e74436f6c6c656374696f6e844a7e7706ae8d0b0200095a001b616c6c6f774c6f61644f7574736964655472616e73616374696f6e49000a63616368656453697a655a000564697274795a000b696e697469616c697a65644c00036b65797400164c6a6176612f696f2f53657269616c697a61626c653b4c00056f776e65727400124c6a6176612f6c616e672f4f626a6563743b4c0004726f6c6571007e00024c001273657373696f6e466163746f72795575696471007e00024c000e73746f726564536e617073686f7471007e001c787000ffffffff000071007e001671007e000674002a636f6d2e6e76697369756d2e616e64726f69646e762e6170692e6d6f64656c2e557365722e726f6c657370707074000563797275737371007e00150000000000000000', X'aced000573720024636f6d2e6e76697369756d2e616e64726f69646e762e6170692e6d6f64656c2e5573657200000000000000010200104c00116163636f756e744e6f6e457870697265647400134c6a6176612f6c616e672f426f6f6c65616e3b4c00106163636f756e744e6f6e4c6f636b656471007e00014c0006616e737765727400124c6a6176612f6c616e672f537472696e673b4c000762616c616e63657400164c6a6176612f6d6174682f426967446563696d616c3b4c001563726564656e7469616c734e6f6e4578706972656471007e00014c000a637265646974436172647400104c6a6176612f6c616e672f4c6f6e673b4c0005656d61696c71007e00024c0007656e61626c656471007e00014c000966697273746e616d6571007e00024c0002696471007e00044c00086c6173746e616d6571007e00024c000870617373776f726471007e00024c000e70726976616379456e61626c656471007e00014c0005726f6c657374000f4c6a6176612f7574696c2f5365743b4c0008757365726e616d6571007e00024c000776657273696f6e71007e0004787070737200116a6176612e6c616e672e426f6f6c65616ecd207280d59cfaee0200015a000576616c75657870017400066f72616e6765737200146a6176612e6d6174682e426967446563696d616c54c71557f981284f0300024900057363616c654c0006696e7456616c7400164c6a6176612f6d6174682f426967496e74656765723b787200106a6176612e6c616e672e4e756d62657286ac951d0b94e08b020000787000000002737200146a6176612e6d6174682e426967496e74656765728cfc9f1fa93bfb1d030006490008626974436f756e744900096269744c656e67746849001366697273744e6f6e7a65726f427974654e756d49000c6c6f776573745365744269744900067369676e756d5b00096d61676e69747564657400025b427871007e000cfffffffffffffffffffffffefffffffe00000001757200025b42acf317f8060854e002000078700000000301979d7878707074000d6b796c6540746573742e636f6d707400044b796c657372000e6a6176612e6c616e672e4c6f6e673b8be490cc8f23df0200014a000576616c75657871007e000c0000000000000003740006576174736f6e7400076b796c653132337371007e0007007372002f6f72672e68696265726e6174652e636f6c6c656374696f6e2e696e7465726e616c2e50657273697374656e7453657486e4fda1f2eee0af0200014c000373657471007e00057872003e6f72672e68696265726e6174652e636f6c6c656374696f6e2e696e7465726e616c2e416273747261637450657273697374656e74436f6c6c656374696f6e844a7e7706ae8d0b0200095a001b616c6c6f774c6f61644f7574736964655472616e73616374696f6e49000a63616368656453697a655a000564697274795a000b696e697469616c697a65644c00036b65797400164c6a6176612f696f2f53657269616c697a61626c653b4c00056f776e65727400124c6a6176612f6c616e672f4f626a6563743b4c0004726f6c6571007e00024c001273657373696f6e466163746f72795575696471007e00024c000e73746f726564536e617073686f7471007e001c787000ffffffff000171007e001671007e000674002a636f6d2e6e76697369756d2e616e64726f69646e762e6170692e6d6f64656c2e557365722e726f6c657370737200116a6176612e7574696c2e486173684d61700507dac1c31660d103000246000a6c6f6164466163746f724900097468726573686f6c6478703f400000000000007708000000100000000078737200116a6176612e7574696c2e48617368536574ba44859596b8b7340300007870770c000000013f40000000000000787400046b796c657371007e00150000000000000000', 0);    
INSERT INTO PUBLIC.FRIEND_REQUEST(ID, SENDER, RECEIVER, VERSION) VALUES(8, X'aced000573720024636f6d2e6e76697369756d2e616e64726f69646e762e6170692e6d6f64656c2e5573657200000000000000010200104c00116163636f756e744e6f6e457870697265647400134c6a6176612f6c616e672f426f6f6c65616e3b4c00106163636f756e744e6f6e4c6f636b656471007e00014c0006616e737765727400124c6a6176612f6c616e672f537472696e673b4c000762616c616e63657400164c6a6176612f6d6174682f426967446563696d616c3b4c001563726564656e7469616c734e6f6e4578706972656471007e00014c000a637265646974436172647400104c6a6176612f6c616e672f4c6f6e673b4c0005656d61696c71007e00024c0007656e61626c656471007e00014c000966697273746e616d6571007e00024c0002696471007e00044c00086c6173746e616d6571007e00024c000870617373776f726471007e00024c000e70726976616379456e61626c656471007e00014c0005726f6c657374000f4c6a6176612f7574696c2f5365743b4c0008757365726e616d6571007e00024c000776657273696f6e71007e0004787070737200116a6176612e6c616e672e426f6f6c65616ecd207280d59cfaee0200015a000576616c756578700174000679656c6c6f77737200146a6176612e6d6174682e426967446563696d616c54c71557f981284f0300024900057363616c654c0006696e7456616c7400164c6a6176612f6d6174682f426967496e74656765723b787200106a6176612e6c616e672e4e756d62657286ac951d0b94e08b020000787000000002737200146a6176612e6d6174682e426967496e74656765728cfc9f1fa93bfb1d030006490008626974436f756e744900096269744c656e67746849001366697273744e6f6e7a65726f427974654e756d49000c6c6f776573745365744269744900067369676e756d5b00096d61676e69747564657400025b427871007e000cfffffffffffffffffffffffefffffffe00000000757200025b42acf317f8060854e0020000787000000000787870707400146a616d6573626f6e64407365637265742e676f76707400054a616d65737372000e6a6176612e6c616e672e4c6f6e673b8be490cc8f23df0200014a000576616c75657871007e000c0000000000000004740004426f6e6474000b6a616d6573626f6e6433337371007e0007007372002f6f72672e68696265726e6174652e636f6c6c656374696f6e2e696e7465726e616c2e50657273697374656e7453657486e4fda1f2eee0af0200014c000373657471007e00057872003e6f72672e68696265726e6174652e636f6c6c656374696f6e2e696e7465726e616c2e416273747261637450657273697374656e74436f6c6c656374696f6e844a7e7706ae8d0b0200095a001b616c6c6f774c6f61644f7574736964655472616e73616374696f6e49000a63616368656453697a655a000564697274795a000b696e697469616c697a65644c00036b65797400164c6a6176612f696f2f53657269616c697a61626c653b4c00056f776e65727400124c6a6176612f6c616e672f4f626a6563743b4c0004726f6c6571007e00024c001273657373696f6e466163746f72795575696471007e00024c000e73746f726564536e617073686f7471007e001c787000ffffffff000071007e001671007e000674002a636f6d2e6e76697369756d2e616e64726f69646e762e6170692e6d6f64656c2e557365722e726f6c657370707071007e00187371007e00150000000000000000', X'aced000573720024636f6d2e6e76697369756d2e616e64726f69646e762e6170692e6d6f64656c2e5573657200000000000000010200104c00116163636f756e744e6f6e457870697265647400134c6a6176612f6c616e672f426f6f6c65616e3b4c00106163636f756e744e6f6e4c6f636b656471007e00014c0006616e737765727400124c6a6176612f6c616e672f537472696e673b4c000762616c616e63657400164c6a6176612f6d6174682f426967446563696d616c3b4c001563726564656e7469616c734e6f6e4578706972656471007e00014c000a637265646974436172647400104c6a6176612f6c616e672f4c6f6e673b4c0005656d61696c71007e00024c0007656e61626c656471007e00014c000966697273746e616d6571007e00024c0002696471007e00044c00086c6173746e616d6571007e00024c000870617373776f726471007e00024c000e70726976616379456e61626c656471007e00014c0005726f6c657374000f4c6a6176612f7574696c2f5365743b4c0008757365726e616d6571007e00024c000776657273696f6e71007e0004787070737200116a6176612e6c616e672e426f6f6c65616ecd207280d59cfaee0200015a000576616c75657870017400066f72616e6765737200146a6176612e6d6174682e426967446563696d616c54c71557f981284f0300024900057363616c654c0006696e7456616c7400164c6a6176612f6d6174682f426967496e74656765723b787200106a6176612e6c616e672e4e756d62657286ac951d0b94e08b020000787000000002737200146a6176612e6d6174682e426967496e74656765728cfc9f1fa93bfb1d030006490008626974436f756e744900096269744c656e67746849001366697273744e6f6e7a65726f427974654e756d49000c6c6f776573745365744269744900067369676e756d5b00096d61676e69747564657400025b427871007e000cfffffffffffffffffffffffefffffffe00000001757200025b42acf317f8060854e002000078700000000301979d7878707074000d6b796c6540746573742e636f6d707400044b796c657372000e6a6176612e6c616e672e4c6f6e673b8be490cc8f23df0200014a000576616c75657871007e000c0000000000000003740006576174736f6e7400076b796c653132337371007e0007007372002f6f72672e68696265726e6174652e636f6c6c656374696f6e2e696e7465726e616c2e50657273697374656e7453657486e4fda1f2eee0af0200014c000373657471007e00057872003e6f72672e68696265726e6174652e636f6c6c656374696f6e2e696e7465726e616c2e416273747261637450657273697374656e74436f6c6c656374696f6e844a7e7706ae8d0b0200095a001b616c6c6f774c6f61644f7574736964655472616e73616374696f6e49000a63616368656453697a655a000564697274795a000b696e697469616c697a65644c00036b65797400164c6a6176612f696f2f53657269616c697a61626c653b4c00056f776e65727400124c6a6176612f6c616e672f4f626a6563743b4c0004726f6c6571007e00024c001273657373696f6e466163746f72795575696471007e00024c000e73746f726564536e617073686f7471007e001c787000ffffffff000171007e001671007e000674002a636f6d2e6e76697369756d2e616e64726f69646e762e6170692e6d6f64656c2e557365722e726f6c657370737200116a6176612e7574696c2e486173684d61700507dac1c31660d103000246000a6c6f6164466163746f724900097468726573686f6c6478703f400000000000007708000000100000000078737200116a6176612e7574696c2e48617368536574ba44859596b8b7340300007870770c000000013f40000000000000787400046b796c657371007e00150000000000000000', 0);      
INSERT INTO PUBLIC.FRIEND_REQUEST(ID, SENDER, RECEIVER, VERSION) VALUES(9, X'aced000573720024636f6d2e6e76697369756d2e616e64726f69646e762e6170692e6d6f64656c2e5573657200000000000000010200104c00116163636f756e744e6f6e457870697265647400134c6a6176612f6c616e672f426f6f6c65616e3b4c00106163636f756e744e6f6e4c6f636b656471007e00014c0006616e737765727400124c6a6176612f6c616e672f537472696e673b4c000762616c616e63657400164c6a6176612f6d6174682f426967446563696d616c3b4c001563726564656e7469616c734e6f6e4578706972656471007e00014c000a637265646974436172647400104c6a6176612f6c616e672f4c6f6e673b4c0005656d61696c71007e00024c0007656e61626c656471007e00014c000966697273746e616d6571007e00024c0002696471007e00044c00086c6173746e616d6571007e00024c000870617373776f726471007e00024c000e70726976616379456e61626c656471007e00014c0005726f6c657374000f4c6a6176612f7574696c2f5365743b4c0008757365726e616d6571007e00024c000776657273696f6e71007e0004787070737200116a6176612e6c616e672e426f6f6c65616ecd207280d59cfaee0200015a000576616c756578700174000562726f776e737200146a6176612e6d6174682e426967446563696d616c54c71557f981284f0300024900057363616c654c0006696e7456616c7400164c6a6176612f6d6174682f426967496e74656765723b787200106a6176612e6c616e672e4e756d62657286ac951d0b94e08b020000787000000002737200146a6176612e6d6174682e426967496e74656765728cfc9f1fa93bfb1d030006490008626974436f756e744900096269744c656e67746849001366697273744e6f6e7a65726f427974654e756d49000c6c6f776573745365744269744900067369676e756d5b00096d61676e69747564657400025b427871007e000cfffffffffffffffffffffffefffffffe00000000757200025b42acf317f8060854e002000078700000000078787070740013737072696e67626f6f74406a6176612e636f6d70740006537072696e677372000e6a6176612e6c616e672e4c6f6e673b8be490cc8f23df0200014a000576616c75657871007e000c0000000000000005740004426f6f7474000d737072696e67626f6f743132337371007e0007007372002f6f72672e68696265726e6174652e636f6c6c656374696f6e2e696e7465726e616c2e50657273697374656e7453657486e4fda1f2eee0af0200014c000373657471007e00057872003e6f72672e68696265726e6174652e636f6c6c656374696f6e2e696e7465726e616c2e416273747261637450657273697374656e74436f6c6c656374696f6e844a7e7706ae8d0b0200095a001b616c6c6f774c6f61644f7574736964655472616e73616374696f6e49000a63616368656453697a655a000564697274795a000b696e697469616c697a65644c00036b65797400164c6a6176612f696f2f53657269616c697a61626c653b4c00056f776e65727400124c6a6176612f6c616e672f4f626a6563743b4c0004726f6c6571007e00024c001273657373696f6e466163746f72795575696471007e00024c000e73746f726564536e617073686f7471007e001c787000ffffffff000071007e001671007e000674002a636f6d2e6e76697369756d2e616e64726f69646e762e6170692e6d6f64656c2e557365722e726f6c657370707074000a737072696e67626f6f747371007e00150000000000000000', X'aced000573720024636f6d2e6e76697369756d2e616e64726f69646e762e6170692e6d6f64656c2e5573657200000000000000010200104c00116163636f756e744e6f6e457870697265647400134c6a6176612f6c616e672f426f6f6c65616e3b4c00106163636f756e744e6f6e4c6f636b656471007e00014c0006616e737765727400124c6a6176612f6c616e672f537472696e673b4c000762616c616e63657400164c6a6176612f6d6174682f426967446563696d616c3b4c001563726564656e7469616c734e6f6e4578706972656471007e00014c000a637265646974436172647400104c6a6176612f6c616e672f4c6f6e673b4c0005656d61696c71007e00024c0007656e61626c656471007e00014c000966697273746e616d6571007e00024c0002696471007e00044c00086c6173746e616d6571007e00024c000870617373776f726471007e00024c000e70726976616379456e61626c656471007e00014c0005726f6c657374000f4c6a6176612f7574696c2f5365743b4c0008757365726e616d6571007e00024c000776657273696f6e71007e0004787070737200116a6176612e6c616e672e426f6f6c65616ecd207280d59cfaee0200015a000576616c75657870017400066f72616e6765737200146a6176612e6d6174682e426967446563696d616c54c71557f981284f0300024900057363616c654c0006696e7456616c7400164c6a6176612f6d6174682f426967496e74656765723b787200106a6176612e6c616e672e4e756d62657286ac951d0b94e08b020000787000000002737200146a6176612e6d6174682e426967496e74656765728cfc9f1fa93bfb1d030006490008626974436f756e744900096269744c656e67746849001366697273744e6f6e7a65726f427974654e756d49000c6c6f776573745365744269744900067369676e756d5b00096d61676e69747564657400025b427871007e000cfffffffffffffffffffffffefffffffe00000001757200025b42acf317f8060854e002000078700000000301979d7878707074000d6b796c6540746573742e636f6d707400044b796c657372000e6a6176612e6c616e672e4c6f6e673b8be490cc8f23df0200014a000576616c75657871007e000c0000000000000003740006576174736f6e7400076b796c653132337371007e0007007372002f6f72672e68696265726e6174652e636f6c6c656374696f6e2e696e7465726e616c2e50657273697374656e7453657486e4fda1f2eee0af0200014c000373657471007e00057872003e6f72672e68696265726e6174652e636f6c6c656374696f6e2e696e7465726e616c2e416273747261637450657273697374656e74436f6c6c656374696f6e844a7e7706ae8d0b0200095a001b616c6c6f774c6f61644f7574736964655472616e73616374696f6e49000a63616368656453697a655a000564697274795a000b696e697469616c697a65644c00036b65797400164c6a6176612f696f2f53657269616c697a61626c653b4c00056f776e65727400124c6a6176612f6c616e672f4f626a6563743b4c0004726f6c6571007e00024c001273657373696f6e466163746f72795575696471007e00024c000e73746f726564536e617073686f7471007e001c787000ffffffff000171007e001671007e000674002a636f6d2e6e76697369756d2e616e64726f69646e762e6170692e6d6f64656c2e557365722e726f6c657370737200116a6176612e7574696c2e486173684d61700507dac1c31660d103000246000a6c6f6164466163746f724900097468726573686f6c6478703f400000000000007708000000100000000078737200116a6176612e7574696c2e48617368536574ba44859596b8b7340300007870770c000000013f40000000000000787400046b796c657371007e00150000000000000000', 0);    
INSERT INTO PUBLIC.FRIEND_REQUEST(ID, SENDER, RECEIVER, VERSION) VALUES(10, X'aced000573720024636f6d2e6e76697369756d2e616e64726f69646e762e6170692e6d6f64656c2e5573657200000000000000010200104c00116163636f756e744e6f6e457870697265647400134c6a6176612f6c616e672f426f6f6c65616e3b4c00106163636f756e744e6f6e4c6f636b656471007e00014c0006616e737765727400124c6a6176612f6c616e672f537472696e673b4c000762616c616e63657400164c6a6176612f6d6174682f426967446563696d616c3b4c001563726564656e7469616c734e6f6e4578706972656471007e00014c000a637265646974436172647400104c6a6176612f6c616e672f4c6f6e673b4c0005656d61696c71007e00024c0007656e61626c656471007e00014c000966697273746e616d6571007e00024c0002696471007e00044c00086c6173746e616d6571007e00024c000870617373776f726471007e00024c000e70726976616379456e61626c656471007e00014c0005726f6c657374000f4c6a6176612f7574696c2f5365743b4c0008757365726e616d6571007e00024c000776657273696f6e71007e0004787070737200116a6176612e6c616e672e426f6f6c65616ecd207280d59cfaee0200015a000576616c756578700174000673696c766572737200146a6176612e6d6174682e426967446563696d616c54c71557f981284f0300024900057363616c654c0006696e7456616c7400164c6a6176612f6d6174682f426967496e74656765723b787200106a6176612e6c616e672e4e756d62657286ac951d0b94e08b020000787000000002737200146a6176612e6d6174682e426967496e74656765728cfc9f1fa93bfb1d030006490008626974436f756e744900096269744c656e67746849001366697273744e6f6e7a65726f427974654e756d49000c6c6f776573745365744269744900067369676e756d5b00096d61676e69747564657400025b427871007e000cfffffffffffffffffffffffefffffffe00000000757200025b42acf317f8060854e00200007870000000007878707074001464617665406d61747468657762616e642e636f6d70740004446176657372000e6a6176612e6c616e672e4c6f6e673b8be490cc8f23df0200014a000576616c75657871007e000c00000000000000067400084d61747468657773740007646176653132337371007e0007007372002f6f72672e68696265726e6174652e636f6c6c656374696f6e2e696e7465726e616c2e50657273697374656e7453657486e4fda1f2eee0af0200014c000373657471007e00057872003e6f72672e68696265726e6174652e636f6c6c656374696f6e2e696e7465726e616c2e416273747261637450657273697374656e74436f6c6c656374696f6e844a7e7706ae8d0b0200095a001b616c6c6f774c6f61644f7574736964655472616e73616374696f6e49000a63616368656453697a655a000564697274795a000b696e697469616c697a65644c00036b65797400164c6a6176612f696f2f53657269616c697a61626c653b4c00056f776e65727400124c6a6176612f6c616e672f4f626a6563743b4c0004726f6c6571007e00024c001273657373696f6e466163746f72795575696471007e00024c000e73746f726564536e617073686f7471007e001c787000ffffffff000071007e001671007e000674002a636f6d2e6e76697369756d2e616e64726f69646e762e6170692e6d6f64656c2e557365722e726f6c657370707074000e646176656d6174746865777333337371007e00150000000000000000', X'aced000573720024636f6d2e6e76697369756d2e616e64726f69646e762e6170692e6d6f64656c2e5573657200000000000000010200104c00116163636f756e744e6f6e457870697265647400134c6a6176612f6c616e672f426f6f6c65616e3b4c00106163636f756e744e6f6e4c6f636b656471007e00014c0006616e737765727400124c6a6176612f6c616e672f537472696e673b4c000762616c616e63657400164c6a6176612f6d6174682f426967446563696d616c3b4c001563726564656e7469616c734e6f6e4578706972656471007e00014c000a637265646974436172647400104c6a6176612f6c616e672f4c6f6e673b4c0005656d61696c71007e00024c0007656e61626c656471007e00014c000966697273746e616d6571007e00024c0002696471007e00044c00086c6173746e616d6571007e00024c000870617373776f726471007e00024c000e70726976616379456e61626c656471007e00014c0005726f6c657374000f4c6a6176612f7574696c2f5365743b4c0008757365726e616d6571007e00024c000776657273696f6e71007e0004787070737200116a6176612e6c616e672e426f6f6c65616ecd207280d59cfaee0200015a000576616c75657870017400066f72616e6765737200146a6176612e6d6174682e426967446563696d616c54c71557f981284f0300024900057363616c654c0006696e7456616c7400164c6a6176612f6d6174682f426967496e74656765723b787200106a6176612e6c616e672e4e756d62657286ac951d0b94e08b020000787000000002737200146a6176612e6d6174682e426967496e74656765728cfc9f1fa93bfb1d030006490008626974436f756e744900096269744c656e67746849001366697273744e6f6e7a65726f427974654e756d49000c6c6f776573745365744269744900067369676e756d5b00096d61676e69747564657400025b427871007e000cfffffffffffffffffffffffefffffffe00000001757200025b42acf317f8060854e002000078700000000301979d7878707074000d6b796c6540746573742e636f6d707400044b796c657372000e6a6176612e6c616e672e4c6f6e673b8be490cc8f23df0200014a000576616c75657871007e000c0000000000000003740006576174736f6e7400076b796c653132337371007e0007007372002f6f72672e68696265726e6174652e636f6c6c656374696f6e2e696e7465726e616c2e50657273697374656e7453657486e4fda1f2eee0af0200014c000373657471007e00057872003e6f72672e68696265726e6174652e636f6c6c656374696f6e2e696e7465726e616c2e416273747261637450657273697374656e74436f6c6c656374696f6e844a7e7706ae8d0b0200095a001b616c6c6f774c6f61644f7574736964655472616e73616374696f6e49000a63616368656453697a655a000564697274795a000b696e697469616c697a65644c00036b65797400164c6a6176612f696f2f53657269616c697a61626c653b4c00056f776e65727400124c6a6176612f6c616e672f4f626a6563743b4c0004726f6c6571007e00024c001273657373696f6e466163746f72795575696471007e00024c000e73746f726564536e617073686f7471007e001c787000ffffffff000171007e001671007e000674002a636f6d2e6e76697369756d2e616e64726f69646e762e6170692e6d6f64656c2e557365722e726f6c657370737200116a6176612e7574696c2e486173684d61700507dac1c31660d103000246000a6c6f6164466163746f724900097468726573686f6c6478703f400000000000007708000000100000000078737200116a6176612e7574696c2e48617368536574ba44859596b8b7340300007870770c000000013f40000000000000787400046b796c657371007e00150000000000000000', 0);               
INSERT INTO PUBLIC.FRIEND_REQUEST(ID, SENDER, RECEIVER, VERSION) VALUES(11, X'aced000573720024636f6d2e6e76697369756d2e616e64726f69646e762e6170692e6d6f64656c2e5573657200000000000000010200104c00116163636f756e744e6f6e457870697265647400134c6a6176612f6c616e672f426f6f6c65616e3b4c00106163636f756e744e6f6e4c6f636b656471007e00014c0006616e737765727400124c6a6176612f6c616e672f537472696e673b4c000762616c616e63657400164c6a6176612f6d6174682f426967446563696d616c3b4c001563726564656e7469616c734e6f6e4578706972656471007e00014c000a637265646974436172647400104c6a6176612f6c616e672f4c6f6e673b4c0005656d61696c71007e00024c0007656e61626c656471007e00014c000966697273746e616d6571007e00024c0002696471007e00044c00086c6173746e616d6571007e00024c000870617373776f726471007e00024c000e70726976616379456e61626c656471007e00014c0005726f6c657374000f4c6a6176612f7574696c2f5365743b4c0008757365726e616d6571007e00024c000776657273696f6e71007e0004787070737200116a6176612e6c616e672e426f6f6c65616ecd207280d59cfaee0200015a000576616c7565787001740006707572706c65737200146a6176612e6d6174682e426967446563696d616c54c71557f981284f0300024900057363616c654c0006696e7456616c7400164c6a6176612f6d6174682f426967496e74656765723b787200106a6176612e6c616e672e4e756d62657286ac951d0b94e08b020000787000000002737200146a6176612e6d6174682e426967496e74656765728cfc9f1fa93bfb1d030006490008626974436f756e744900096269744c656e67746849001366697273744e6f6e7a65726f427974654e756d49000c6c6f776573745365744269744900067369676e756d5b00096d61676e69747564657400025b427871007e000cfffffffffffffffffffffffefffffffe00000001757200025b42acf317f8060854e002000078700000000216c67878707074000d7465737440746573742e636f6d70740004746573747372000e6a6176612e6c616e672e4c6f6e673b8be490cc8f23df0200014a000576616c75657871007e000c000000000000000771007e001471007e00147371007e0007007372002f6f72672e68696265726e6174652e636f6c6c656374696f6e2e696e7465726e616c2e50657273697374656e7453657486e4fda1f2eee0af0200014c000373657471007e00057872003e6f72672e68696265726e6174652e636f6c6c656374696f6e2e696e7465726e616c2e416273747261637450657273697374656e74436f6c6c656374696f6e844a7e7706ae8d0b0200095a001b616c6c6f774c6f61644f7574736964655472616e73616374696f6e49000a63616368656453697a655a000564697274795a000b696e697469616c697a65644c00036b65797400164c6a6176612f696f2f53657269616c697a61626c653b4c00056f776e65727400124c6a6176612f6c616e672f4f626a6563743b4c0004726f6c6571007e00024c001273657373696f6e466163746f72795575696471007e00024c000e73746f726564536e617073686f7471007e001a787000ffffffff000071007e001671007e000674002a636f6d2e6e76697369756d2e616e64726f69646e762e6170692e6d6f64656c2e557365722e726f6c657370707071007e00147371007e00150000000000000000', X'aced000573720024636f6d2e6e76697369756d2e616e64726f69646e762e6170692e6d6f64656c2e5573657200000000000000010200104c00116163636f756e744e6f6e457870697265647400134c6a6176612f6c616e672f426f6f6c65616e3b4c00106163636f756e744e6f6e4c6f636b656471007e00014c0006616e737765727400124c6a6176612f6c616e672f537472696e673b4c000762616c616e63657400164c6a6176612f6d6174682f426967446563696d616c3b4c001563726564656e7469616c734e6f6e4578706972656471007e00014c000a637265646974436172647400104c6a6176612f6c616e672f4c6f6e673b4c0005656d61696c71007e00024c0007656e61626c656471007e00014c000966697273746e616d6571007e00024c0002696471007e00044c00086c6173746e616d6571007e00024c000870617373776f726471007e00024c000e70726976616379456e61626c656471007e00014c0005726f6c657374000f4c6a6176612f7574696c2f5365743b4c0008757365726e616d6571007e00024c000776657273696f6e71007e0004787070737200116a6176612e6c616e672e426f6f6c65616ecd207280d59cfaee0200015a000576616c75657870017400066f72616e6765737200146a6176612e6d6174682e426967446563696d616c54c71557f981284f0300024900057363616c654c0006696e7456616c7400164c6a6176612f6d6174682f426967496e74656765723b787200106a6176612e6c616e672e4e756d62657286ac951d0b94e08b020000787000000002737200146a6176612e6d6174682e426967496e74656765728cfc9f1fa93bfb1d030006490008626974436f756e744900096269744c656e67746849001366697273744e6f6e7a65726f427974654e756d49000c6c6f776573745365744269744900067369676e756d5b00096d61676e69747564657400025b427871007e000cfffffffffffffffffffffffefffffffe00000001757200025b42acf317f8060854e002000078700000000301979d7878707074000d6b796c6540746573742e636f6d707400044b796c657372000e6a6176612e6c616e672e4c6f6e673b8be490cc8f23df0200014a000576616c75657871007e000c0000000000000003740006576174736f6e7400076b796c653132337371007e0007007372002f6f72672e68696265726e6174652e636f6c6c656374696f6e2e696e7465726e616c2e50657273697374656e7453657486e4fda1f2eee0af0200014c000373657471007e00057872003e6f72672e68696265726e6174652e636f6c6c656374696f6e2e696e7465726e616c2e416273747261637450657273697374656e74436f6c6c656374696f6e844a7e7706ae8d0b0200095a001b616c6c6f774c6f61644f7574736964655472616e73616374696f6e49000a63616368656453697a655a000564697274795a000b696e697469616c697a65644c00036b65797400164c6a6176612f696f2f53657269616c697a61626c653b4c00056f776e65727400124c6a6176612f6c616e672f4f626a6563743b4c0004726f6c6571007e00024c001273657373696f6e466163746f72795575696471007e00024c000e73746f726564536e617073686f7471007e001c787000ffffffff000171007e001671007e000674002a636f6d2e6e76697369756d2e616e64726f69646e762e6170692e6d6f64656c2e557365722e726f6c657370737200116a6176612e7574696c2e486173684d61700507dac1c31660d103000246000a6c6f6164466163746f724900097468726573686f6c6478703f400000000000007708000000100000000078737200116a6176612e7574696c2e48617368536574ba44859596b8b7340300007870770c000000013f40000000000000787400046b796c657371007e00150000000000000000', 0);       
INSERT INTO PUBLIC.FRIEND_REQUEST(ID, SENDER, RECEIVER, VERSION) VALUES(12, X'aced000573720024636f6d2e6e76697369756d2e616e64726f69646e762e6170692e6d6f64656c2e5573657200000000000000010200104c00116163636f756e744e6f6e457870697265647400134c6a6176612f6c616e672f426f6f6c65616e3b4c00106163636f756e744e6f6e4c6f636b656471007e00014c0006616e737765727400124c6a6176612f6c616e672f537472696e673b4c000762616c616e63657400164c6a6176612f6d6174682f426967446563696d616c3b4c001563726564656e7469616c734e6f6e4578706972656471007e00014c000a637265646974436172647400104c6a6176612f6c616e672f4c6f6e673b4c0005656d61696c71007e00024c0007656e61626c656471007e00014c000966697273746e616d6571007e00024c0002696471007e00044c00086c6173746e616d6571007e00024c000870617373776f726471007e00024c000e70726976616379456e61626c656471007e00014c0005726f6c657374000f4c6a6176612f7574696c2f5365743b4c0008757365726e616d6571007e00024c000776657273696f6e71007e0004787070737200116a6176612e6c616e672e426f6f6c65616ecd207280d59cfaee0200015a000576616c75657870017400066f72616e6765737200146a6176612e6d6174682e426967446563696d616c54c71557f981284f0300024900057363616c654c0006696e7456616c7400164c6a6176612f6d6174682f426967496e74656765723b787200106a6176612e6c616e672e4e756d62657286ac951d0b94e08b020000787000000002737200146a6176612e6d6174682e426967496e74656765728cfc9f1fa93bfb1d030006490008626974436f756e744900096269744c656e67746849001366697273744e6f6e7a65726f427974654e756d49000c6c6f776573745365744269744900067369676e756d5b00096d61676e69747564657400025b427871007e000cfffffffffffffffffffffffefffffffe00000001757200025b42acf317f8060854e002000078700000000301979d7878707074000d6b796c6540746573742e636f6d707400044b796c657372000e6a6176612e6c616e672e4c6f6e673b8be490cc8f23df0200014a000576616c75657871007e000c0000000000000003740006576174736f6e7400076b796c653132337371007e0007007372002f6f72672e68696265726e6174652e636f6c6c656374696f6e2e696e7465726e616c2e50657273697374656e7453657486e4fda1f2eee0af0200014c000373657471007e00057872003e6f72672e68696265726e6174652e636f6c6c656374696f6e2e696e7465726e616c2e416273747261637450657273697374656e74436f6c6c656374696f6e844a7e7706ae8d0b0200095a001b616c6c6f774c6f61644f7574736964655472616e73616374696f6e49000a63616368656453697a655a000564697274795a000b696e697469616c697a65644c00036b65797400164c6a6176612f696f2f53657269616c697a61626c653b4c00056f776e65727400124c6a6176612f6c616e672f4f626a6563743b4c0004726f6c6571007e00024c001273657373696f6e466163746f72795575696471007e00024c000e73746f726564536e617073686f7471007e001c787000ffffffff000071007e001671007e000674002a636f6d2e6e76697369756d2e616e64726f69646e762e6170692e6d6f64656c2e557365722e726f6c65737070707400046b796c657371007e00150000000000000000', X'aced000573720024636f6d2e6e76697369756d2e616e64726f69646e762e6170692e6d6f64656c2e5573657200000000000000010200104c00116163636f756e744e6f6e457870697265647400134c6a6176612f6c616e672f426f6f6c65616e3b4c00106163636f756e744e6f6e4c6f636b656471007e00014c0006616e737765727400124c6a6176612f6c616e672f537472696e673b4c000762616c616e63657400164c6a6176612f6d6174682f426967446563696d616c3b4c001563726564656e7469616c734e6f6e4578706972656471007e00014c000a637265646974436172647400104c6a6176612f6c616e672f4c6f6e673b4c0005656d61696c71007e00024c0007656e61626c656471007e00014c000966697273746e616d6571007e00024c0002696471007e00044c00086c6173746e616d6571007e00024c000870617373776f726471007e00024c000e70726976616379456e61626c656471007e00014c0005726f6c657374000f4c6a6176612f7574696c2f5365743b4c0008757365726e616d6571007e00024c000776657273696f6e71007e0004787070737200116a6176612e6c616e672e426f6f6c65616ecd207280d59cfaee0200015a000576616c7565787001740003726564737200146a6176612e6d6174682e426967446563696d616c54c71557f981284f0300024900057363616c654c0006696e7456616c7400164c6a6176612f6d6174682f426967496e74656765723b787200106a6176612e6c616e672e4e756d62657286ac951d0b94e08b020000787000000002737200146a6176612e6d6174682e426967496e74656765728cfc9f1fa93bfb1d030006490008626974436f756e744900096269744c656e67746849001366697273744e6f6e7a65726f427974654e756d49000c6c6f776573745365744269744900067369676e756d5b00096d61676e69747564657400025b427871007e000cfffffffffffffffffffffffefffffffe00000001757200025b42acf317f8060854e002000078700000000213ec787870707400116379727573406e76697369756d2e636f6d7074000543797275737372000e6a6176612e6c616e672e4c6f6e673b8be490cc8f23df0200014a000576616c75657871007e000c00000000000000027400094d616c656b706f757274000863797275733132337371007e0007007372002f6f72672e68696265726e6174652e636f6c6c656374696f6e2e696e7465726e616c2e50657273697374656e7453657486e4fda1f2eee0af0200014c000373657471007e00057872003e6f72672e68696265726e6174652e636f6c6c656374696f6e2e696e7465726e616c2e416273747261637450657273697374656e74436f6c6c656374696f6e844a7e7706ae8d0b0200095a001b616c6c6f774c6f61644f7574736964655472616e73616374696f6e49000a63616368656453697a655a000564697274795a000b696e697469616c697a65644c00036b65797400164c6a6176612f696f2f53657269616c697a61626c653b4c00056f776e65727400124c6a6176612f6c616e672f4f626a6563743b4c0004726f6c6571007e00024c001273657373696f6e466163746f72795575696471007e00024c000e73746f726564536e617073686f7471007e001c787000ffffffff000171007e001671007e000674002a636f6d2e6e76697369756d2e616e64726f69646e762e6170692e6d6f64656c2e557365722e726f6c657370737200116a6176612e7574696c2e486173684d61700507dac1c31660d103000246000a6c6f6164466163746f724900097468726573686f6c6478703f400000000000007708000000100000000078737200116a6176612e7574696c2e48617368536574ba44859596b8b7340300007870770c000000013f400000000000007874000563797275737371007e00150000000000000000', 0);   
INSERT INTO PUBLIC.USERS(ID, ACCOUNT_NON_EXPIRED, ACCOUNT_NON_LOCKED, ANSWER, BALANCE, CREDENTIALS_NON_EXPIRED, CREDIT_CARD, EMAIL, ENABLED, FIRSTNAME, LASTNAME, PASSWORD, PRIVACY_ENABLED, USERNAME, VERSION) VALUES(1, NULL, TRUE, 'green', 0.00, NULL, NULL, 'seth@nvisium.com', NULL, 'Seth', 'Law', 'seth123', FALSE, 'seth', 0),(2, NULL, TRUE, 'red', 51.00, NULL, NULL, 'cyrus@nvisium.com', NULL, 'Cyrus', 'Malekpour', 'cyrus123', FALSE, 'cyrus', 0),(3, NULL, TRUE, 'orange', 1043.49, NULL, NULL, 'kyle@test.com', NULL, 'Kyle', 'Watson', 'kyle123', FALSE, 'kyle', 0),(4, NULL, TRUE, 'yellow', 0.00, NULL, NULL, 'jamesbond@secret.gov', NULL, 'James', 'Bond', 'jamesbond33', FALSE, 'jamesbond33', 0),(5, NULL, TRUE, 'brown', 0.00, NULL, NULL, 'springboot@java.com', NULL, 'Spring', 'Boot', 'springboot123', FALSE, 'springboot', 0),(6, NULL, TRUE, 'silver', 0.00, NULL, NULL, 'dave@matthewband.com', NULL, 'Dave', 'Matthews', 'dave123', FALSE, 'davematthews33', 0),(7, NULL, TRUE, 'purple', 58.30, NULL, NULL, 'test@test.com', NULL, 'test', 'test', 'test', FALSE, 'test', 0);         
INSERT INTO PUBLIC.PAYMENTS(ID, AMOUNT, EVENT, RECEIVER, SENDER, TIMESTAMP, VERSION) VALUES(1, 9.00, 1, 7, 2, NULL, 0),(2, 8.03, 4, 2, 7, NULL, 0),(3, 3.33, 5, 5, 3, NULL, 0);             
