SET DB_CLOSE_DELAY -1;                       
INSERT INTO PUBLIC.EVENT_MEMBERSHIPS(ID, AMOUNT, CREATED, EVENT_ID, USER, VERSION) VALUES(1, 10.00, TIMESTAMP '2015-08-27 23:27:40.254', 1, 2, 0),(2, 10.00, TIMESTAMP '2015-08-27 23:27:40.256', 1, 4, 0),(3, 10.00, TIMESTAMP '2015-08-27 23:28:08.097', 2, 1, 0),(4, 10.00, TIMESTAMP '2015-08-27 23:28:08.098', 2, 2, 0),(5, 10.00, TIMESTAMP '2015-08-27 23:28:23.647', 3, 6, 0);    
INSERT INTO PUBLIC.EVENTS(ID, AMOUNT, COMPLETED, CREATED, HIDDEN, NAME, OWNER, VERSION) VALUES(1, 30.00, FALSE, TIMESTAMP '2015-08-27 23:27:40.248', FALSE, 'My first event!', 7, 0),(2, 10.00, FALSE, TIMESTAMP '2015-08-27 23:28:08.094', FALSE, 'Dinner at McDonalds', 7, 0),(3, 650.50, FALSE, TIMESTAMP '2015-08-27 23:28:23.645', FALSE, 'Rent for the month', 7, 0); 
INSERT INTO PUBLIC.USERS(ID, ACCOUNT_NON_EXPIRED, ACCOUNT_NON_LOCKED, BALANCE, CREDENTIALS_NON_EXPIRED, CREDIT_CARD, EMAIL, ENABLED, FIRSTNAME, LASTNAME, PASSWORD, ANSWER, PRIVACY_ENABLED, USERNAME, VERSION) VALUES(1, NULL, TRUE, 0.00, NULL, NULL, 'seth@nvisium.com', NULL, 'Seth', 'Law', 'seth123', 'green', FALSE, 'seth', 0),(2, NULL, TRUE, 0.00, NULL, NULL, 'cyrus@nvisium.com', NULL, 'Cyrus', 'Malekpour', 'cyrus123', 'red', FALSE, 'cyrus', 0),(3, NULL, TRUE, 0.00, NULL, NULL, 'kyle@test.com', NULL, 'Kyle', 'Watson', 'kyle123', 'orange', FALSE, 'kyle', 0),(4, NULL, TRUE, 0.00, NULL, NULL, 'jamesbond@secret.gov', NULL, 'James', 'Bond', 'jamesbond33', 'yellow', FALSE, 'jamesbond33', 0),(5, NULL, TRUE, 0.00, NULL, NULL, 'springboot@java.com', NULL, 'Spring', 'Boot', 'springboot123', 'brown', FALSE, 'springboot', 0),(6, NULL, TRUE, 0.00, NULL, NULL, 'dave@matthewband.com', NULL, 'Dave', 'Matthews', 'dave123', 'silver', FALSE, 'davematthews33', 0),(7, NULL, TRUE, 58.30, NULL, NULL, 'test@test.com', NULL, 'test', 'test', 'test', 'purple', FALSE, 'test', 0);      
ALTER TABLE PUBLIC.ROLES ADD CONSTRAINT PUBLIC.FK_RHRCYW5RKF3DB7URABNXIC6HK FOREIGN KEY(USER_ID) REFERENCES PUBLIC.USERS(ID) NOCHECK;          